{
  "total_items": 266,
  "cleaned_items": 179,
  "skipped_items": 87,
  "total_chunks": 405,
  "quality_scores": [
    0.2891666666666667,
    0.20916666666666664,
    0.26916666666666667,
    0.2291666666666667,
    0.31666666666666665,
    0.2758333333333334,
    0.29666666666666663,
    0.31666666666666665,
    0.33666666666666667,
    0.29166666666666674,
    0.29833333333333334,
    0.2958333333333334,
    0.31666666666666665,
    0.32333333333333325,
    0.33666666666666667,
    0.2716666666666667,
    0.33666666666666667,
    0.3175,
    0.32833333333333337,
    0.21000000000000005,
    0.23000000000000007,
    0.35583333333333333,
    0.3358333333333333,
    0.31166666666666665,
    0.3358333333333333,
    0.2583333333333334,
    0.3491666666666666,
    0.31833333333333336,
    0.2716666666666667,
    0.2908333333333334,
    0.2783333333333333,
    0.25083333333333335,
    0.29666666666666663,
    0.31666666666666665,
    0.31666666666666665,
    0.33666666666666667,
    0.2758333333333334,
    0.31833333333333336,
    0.25083333333333335,
    0.33666666666666667,
    0.33666666666666667,
    0.25,
    0.25083333333333335,
    0.3566666666666666,
    0.2899999999999999,
    0.38916666666666666,
    0.2833333333333333,
    0.2758333333333334,
    0.23833333333333337,
    0.31666666666666665,
    0.3766666666666667,
    0.2766666666666667,
    0.32833333333333337,
    0.2766666666666667,
    0.2766666666666667,
    0.31666666666666665,
    0.27083333333333337,
    0.3241666666666667,
    0.24916666666666662,
    0.2583333333333334,
    0.29666666666666663,
    0.2583333333333334,
    0.29666666666666663,
    0.3175,
    0.29833333333333334,
    0.2766666666666667,
    0.29666666666666663,
    0.2783333333333333,
    0.35750000000000004,
    0.33666666666666667,
    0.3091666666666667,
    0.23833333333333337,
    0.3175,
    0.20916666666666664,
    0.29166666666666674,
    0.23833333333333337,
    0.29833333333333334,
    0.29666666666666663,
    0.23833333333333337,
    0.29166666666666674,
    0.2566666666666666,
    0.3766666666666667,
    0.3158333333333333,
    0.2716666666666667,
    0.2891666666666667,
    0.30166666666666675,
    0.2583333333333334,
    0.3566666666666666,
    0.33166666666666667,
    0.33000000000000007,
    0.31666666666666665,
    0.2583333333333334,
    0.23833333333333337,
    0.31166666666666665,
    0.31666666666666665,
    0.36916666666666664,
    0.3091666666666667,
    0.36916666666666664,
    0.33666666666666667,
    0.38916666666666666,
    0.31166666666666665,
    0.23833333333333337,
    0.23833333333333337,
    0.33166666666666667,
    0.2891666666666667,
    0.345,
    0.2716666666666667,
    0.3766666666666667,
    0.2783333333333333,
    0.3433333333333334,
    0.33666666666666667,
    0.3158333333333333,
    0.3241666666666667,
    0.2583333333333334,
    0.2766666666666667,
    0.33000000000000007,
    0.2783333333333333,
    0.3091666666666667,
    0.23833333333333337,
    0.2758333333333334,
    0.2716666666666667,
    0.3158333333333333,
    0.33666666666666667,
    0.21166666666666664,
    0.23833333333333337,
    0.23833333333333337,
    0.3966666666666666,
    0.23833333333333337,
    0.3175,
    0.3566666666666666,
    0.2716666666666667,
    0.3616666666666667,
    0.2841666666666667,
    0.31666666666666665,
    0.29666666666666663,
    0.31833333333333336,
    0.33666666666666667,
    0.21666666666666665,
    0.345,
    0.3158333333333333,
    0.33666666666666667,
    0.2958333333333334,
    0.33666666666666667,
    0.3766666666666667,
    0.2891666666666667,
    0.20500000000000004,
    0.23666666666666666,
    0.23833333333333337,
    0.33666666666666667,
    0.3175,
    0.3566666666666666,
    0.22166666666666665,
    0.29833333333333334,
    0.29166666666666674,
    0.2633333333333333,
    0.30166666666666675,
    0.35583333333333333,
    0.3091666666666667,
    0.2891666666666667,
    0.2958333333333334,
    0.25083333333333335,
    0.24333333333333337,
    0.2766666666666667,
    0.3566666666666666,
    0.29666666666666663,
    0.3566666666666666,
    0.28833333333333333,
    0.24416666666666662,
    0.2766666666666667,
    0.3491666666666666,
    0.33666666666666667,
    0.2833333333333333,
    0.23833333333333337,
    0.31666666666666665,
    0.2783333333333333,
    0.33666666666666667,
    0.2766666666666667,
    0.2583333333333334,
    0.2783333333333333
  ],
  "avg_quality_score": 0.29796554934823094,
  "min_quality_score": 0.20500000000000004,
  "max_quality_score": 0.3966666666666666,
  "cleaning_timestamp": "2025-10-28T12:55:58.815372"
}